CustomerService,3007
CustomerEventLogger,2
CustomerController,2009
CustomerService,3013
CustomerController,2005
CustomerService,2
CustomerController,0
CustomerService,2
CustomerController,0
CustomerService,2
CustomerController,0
CustomerService,1
CustomerEventLogger,0
CustomerController,0
CustomerService,0
CustomerEventLogger,0
CustomerController,1
CustomerService,0
CustomerEventLogger,1
CustomerController,0
CustomerService,0
CustomerEventLogger,0
CustomerController,0
CustomerService,0
CustomerEventLogger,1
CustomerController,0
CustomerService,0
CustomerEventLogger,0
CustomerController,0
CustomerService,0
CustomerEventLogger,0
CustomerController,0
CustomerService,0
CustomerEventLogger,0
CustomerController,0
